{
  "q_liq": [
    1,
    20,
    40,
    60,
    80,
    100,
    120,
    140,
    160,
    180,
    200,
    220,
    240,
    260,
    280,
    300,
    320,
    340,
    360,
    380,
    400
  ],
  "p_wf": [
    230.02549017837373,
    230.0180742870474,
    229.99997999083465,
    229.97164356928164,
    229.93316379438565,
    229.88458454894902,
    229.82593023747512,
    229.75721627370194,
    229.67845323373712,
    229.58964880991473,
    229.49080884396952,
    229.38193792202148,
    229.2630397403235,
    229.13411734200676,
    228.99517327687832,
    228.84620971308678,
    228.68722851746213,
    228.5182313147734,
    228.33921953238354,
    228.15019443453463,
    227.95115714910753
  ]
}