{"p_wf": [225.36787419751101, 225.364128273089, 225.35277181687215, 225.33208896711005, 225.3069042094332, 225.2757503780892, 225.2384782004532, 225.1951160919835, 225.14568557032624, 225.0902023729557, 225.028678426648, 224.96112304618987, 224.8875436865125, 224.80794643587316, 224.7223363515725, 224.63071769576544, 224.53309410556983, 224.4294687186181, 224.3198442675914, 224.20422315265202, 224.08260749781206, 223.9549991954056, 223.82139994161997, 223.6818112651972, 223.53623455085938, 223.38467105860346, 223.22712193973294, 223.0635882502742, 222.89407096229718, 222.718570973519, 222.5370891155115, 222.34962616074804, 222.1561828286919, 221.9567597910796, 221.75135767652793, 221.5399770745699, 221.3226185392027, 221.09928259202178, 220.8699697249972, 220.63468040294165, 220.39341506571387], "q_liq": [1, 10, 20, 30, 40, 50, 60, 70, 80, 90, 100, 110, 120, 130, 140, 150, 160, 170, 180, 190, 200, 210, 220, 230, 240, 250, 260, 270, 280, 290, 300, 310, 320, 330, 340, 350, 360, 370, 380, 390, 400]}