{
    "q_liq": [
        1,
        10,
        20,
        30,
        40,
        50,
        60,
        70,
        80,
        90,
        100,
        110,
        120,
        130,
        140,
        150,
        160,
        170,
        180,
        190,
        200,
        210,
        220,
        230,
        240,
        250,
        260,
        270,
        280,
        290,
        300,
        310,
        320,
        330,
        340,
        350,
        360,
        370,
        380,
        390,
        400
    ],
    "p_wf": [
        227.2323692587109,
        227.2269779196627,
        227.2169910204446,
        227.1976204916137,
        227.1686595916623,
        227.12971719536162,
        227.0876632251208,
        227.04023731169912,
        226.98676503302798,
        226.92706283909766,
        226.86113684829982,
        226.78900465317284,
        226.71068176520427,
        226.62618110062442,
        226.53551346156198,
        226.43868798310825,
        226.33571247575162,
        226.22659368375102,
        226.11133748212998,
        225.98994902901674,
        225.86243288508695,
        225.72879310840912,
        225.58903333062895,
        225.44315681880312,
        225.2911665260671,
        225.13306513351205,
        224.96885508507228,
        224.79853861680832,
        224.62211778164254,
        224.4395944703962,
        224.25097042977612,
        224.05624727784382,
        223.85542651738115,
        223.648509547499,
        223.43549767375987,
        223.2163921170458,
        222.9911940213559,
        222.75990446068664,
        222.52252444512925,
        222.27905492628494,
        222.02949680209474
    ]
}