{"p_wf": [423.2379964151461, 423.2299106077502, 423.20987717859884, 423.18026505614375, 423.1406089911435, 423.0909657197902, 423.0313673701655, 422.9618344111955, 422.8823809442412, 422.79301723807174, 422.6937510857691, 422.584588592791, 422.4655346643262, 422.33659332211664, 422.19776791897067, 422.0490612889992, 421.89047585588014, 421.72201371280363, 421.54367668276456, 421.35546636487834, 421.1573841705427, 420.9494313520788, 420.731609025711, 420.50391819021604, 420.2663597422174, 420.01893448884715, 419.76164315831784, 419.49448640882093, 419.21746483606887, 418.9305789797319, 418.633829328965, 418.32721632717926, 418.0107403761854, 417.6844018398077, 417.3482010470518, 417.00213829489235, 416.64621385073775, 416.2804279546152, 415.90478082111804, 415.51927264114346, 415.12390358345147, 414.71867379606454, 414.30358340753173, 413.8786325280686, 413.44382125059263, 412.99914965166244, 412.54461779233424, 412.0802257189422, 411.60597346381394, 411.12186104592433], "q_liq": [1.0, 9.142857142857142, 17.285714285714285, 25.428571428571427, 33.57142857142857, 41.71428571428571, 49.857142857142854, 58.0, 66.14285714285714, 74.28571428571428, 82.42857142857142, 90.57142857142857, 98.71428571428571, 106.85714285714285, 115.0, 123.14285714285714, 131.28571428571428, 139.42857142857142, 147.57142857142856, 155.7142857142857, 163.85714285714283, 172.0, 180.14285714285714, 188.28571428571428, 196.42857142857142, 204.57142857142856, 212.7142857142857, 220.85714285714283, 229.0, 237.14285714285714, 245.28571428571428, 253.42857142857142, 261.57142857142856, 269.7142857142857, 277.85714285714283, 286.0, 294.1428571428571, 302.2857142857143, 310.4285714285714, 318.57142857142856, 326.71428571428567, 334.85714285714283, 343.0, 351.1428571428571, 359.2857142857143, 367.4285714285714, 375.57142857142856, 383.71428571428567, 391.85714285714283, 400.0]}