{"p_wf": [417.3910704421508, 417.38320284681726, 417.36517525695155, 417.33727468855466, 417.2995929218049, 417.25216342983003, 417.1950051618353, 417.1281302735213, 417.05154721029754, 416.96526217789585, 416.86927992932505, 416.7636042228041, 416.6482381058637, 416.5231841007495, 416.38844433048183, 416.24402060752504, 416.0899144979581, 415.92612736906307, 415.7526604253573, 415.5695147363834, 415.3766912584859, 415.17419085212066, 414.9620142957891, 414.7401622973816, 414.5086355035085, 414.2674345072473, 414.0165598546267, 413.7560120500993, 413.48579156119075, 413.2058988224755, 412.9163342389985, 412.61709818923487, 412.30819102766463, 411.9896130870223, 411.6613646802714, 411.3234461023461, 410.9758576316917, 410.61859953163395, 410.25167205159846, 409.8750754282024, 409.48880988623387, 409.09287563953274, 408.68727289178514, 408.2720018372436, 407.8470626613785, 407.41245554147156, 406.9681806471562, 406.51423814091095, 406.0506281785112, 405.57735090944306], "q_liq": [1.0, 9.142857142857142, 17.285714285714285, 25.428571428571427, 33.57142857142857, 41.71428571428571, 49.857142857142854, 58.0, 66.14285714285714, 74.28571428571428, 82.42857142857142, 90.57142857142857, 98.71428571428571, 106.85714285714285, 115.0, 123.14285714285714, 131.28571428571428, 139.42857142857142, 147.57142857142856, 155.7142857142857, 163.85714285714283, 172.0, 180.14285714285714, 188.28571428571428, 196.42857142857142, 204.57142857142856, 212.7142857142857, 220.85714285714283, 229.0, 237.14285714285714, 245.28571428571428, 253.42857142857142, 261.57142857142856, 269.7142857142857, 277.85714285714283, 286.0, 294.1428571428571, 302.2857142857143, 310.4285714285714, 318.57142857142856, 326.71428571428567, 334.85714285714283, 343.0, 351.1428571428571, 359.2857142857143, 367.4285714285714, 375.57142857142856, 383.71428571428567, 391.85714285714283, 400.0]}