{"p_wf": [268.89130516040444, 268.88906693825015, 268.88070435017323, 268.87024320242887, 268.8566864615083, 268.84012734843077, 268.82062560052975, 268.79822260981325, 268.77294863266894, 268.744826656716, 268.7138746691877, 268.6801070771215, 268.6435356418395, 268.60417011854145, 268.5620187083369, 268.5170883863645, 268.4693851454164, 268.41891418037454, 268.3656800302232, 268.3096866890306, 268.2509376938337, 268.1894361950564, 268.12518501353406, 268.05818668713835, 267.9884435092316, 267.9159575606391, 267.84073073642605, 267.7627647684759, 267.6820612446486, 267.598621625131, 267.51244725646734, 267.4235393836577, 267.3318991606444, 267.2375276594357, 267.14042587808177, 267.04059474767314, 266.9380351385032, 266.832747865515, 266.72473369313127, 266.6139933395503], "q_liq": [1, 11, 21, 31, 41, 51, 61, 71, 81, 91, 101, 111, 121, 131, 141, 151, 161, 171, 181, 191, 201, 211, 221, 231, 241, 251, 261, 271, 281, 291, 301, 311, 321, 331, 341, 351, 361, 371, 381, 391]}