{
  "q_liq": [
    1,
    20,
    40,
    60,
    80,
    100,
    120,
    140,
    160,
    180,
    200,
    220,
    240,
    260,
    280,
    300,
    320,
    340,
    360,
    380,
    400
  ],
  "p_wf": [
    149.07583879612366,
    149.0639613277497,
    149.0333682511286,
    148.98435249401933,
    148.91696791238772,
    148.83123894124066,
    148.72717967276148,
    148.60479932766913,
    148.46410443292197,
    148.30509986438568,
    148.12778941031158,
    147.93217610324098,
    147.71826242855684,
    147.4860504622975,
    147.23554196598081,
    146.96673845404834,
    146.67964124318377,
    146.37425148923433,
    146.0505702154156,
    145.70859833423933,
    145.34833666482524
  ]
}