{
  "q_liq": [
    1.0,
    11.5,
    22.0,
    32.5,
    43.0,
    53.5,
    64.0,
    74.5,
    85.0,
    95.5,
    106.0,
    116.5,
    127.0,
    137.5,
    148.0,
    158.5,
    169.0,
    179.5,
    190.0,
    200.5,
    211.0,
    221.5,
    232.0,
    242.5,
    253.0,
    263.5,
    274.0,
    284.5,
    295.0,
    305.5,
    316.0,
    326.5,
    337.0,
    347.5,
    358.0,
    368.5,
    379.0,
    389.5,
    400.0
  ],
  "p_wf": [
    114.18195466024116,
    114.17807431882581,
    114.16884038077598,
    114.15441638362974,
    114.13483185204475,
    114.11010042837815,
    114.08022985879212,
    114.04522513694825,
    114.00508975327541,
    113.95982628807984,
    113.90943672879948,
    113.85392265495962,
    113.79328535326897,
    113.72752589300526,
    113.6566451774713,
    113.58064398033099,
    113.49952297200856,
    113.4132827393375,
    113.32192380049247,
    113.22544661654345,
    113.12385160053871,
    113.01713912474617,
    112.90530952649856,
    112.78836311296502,
    112.66630016508533,
    112.53912094084362,
    112.40682567801512,
    112.26941459648837,
    112.12688790024191,
    111.9792457790381,
    111.82648840988277,
    111.66861595829023,
    111.50562857938505,
    111.3375264188662,
    111.16430961385471,
    110.9859782936417,
    110.80253258035127,
    110.61397258953008,
    110.42029843067336
  ]
}