{"q_liq": [1, 10, 20, 30, 40, 50, 60, 70, 80, 90, 100, 110, 120, 130, 140, 150, 160, 170, 180, 190, 200, 210, 220, 230, 240, 250, 260, 270, 280, 290, 300, 310, 320, 330, 340, 350, 360, 370, 380, 390, 400], "p_wf": [233.99860869200012, 233.99471548501538, 233.98291808429414, 233.96325583331992, 233.93572873442582, 233.90033678875432, 233.85707999698522, 233.8059583595651, 233.74697187680547, 233.68012054892952, 233.60540437610055, 233.52282335843756, 233.43237749602616, 233.33406678892496, 233.22789123717118, 233.1138508407841, 232.99194559976698, 232.86217551410954, 232.72454058378958, 232.57904080877387, 232.425676189019, 232.26444672447266, 232.09535241507353, 231.91839326075248, 231.7335692614326, 231.5408804170293, 231.34032672745118, 231.13190819260015, 230.91562481237122, 230.69147658665307, 230.45946351532828, 230.219585598273, 229.97184283535768, 229.71623522644646, 229.4527627713983, 229.18142547006585, 228.90222332229632, 228.61515632793137, 228.32022448680715, 228.0174277987543, 227.70676626359784]}